{"accuracy": [0.9035999774932861, 0.9584833383560181, 0.9700999855995178, 0.977066695690155, 0.9826499819755554], "val_accuracy": [0.9506000280380249, 0.9596999883651733, 0.968999981880188, 0.972599983215332, 0.9731000065803528], "loss": [0.338864803314209, 0.14125192165374756, 0.10005548596382141, 0.07447141408920288, 0.057956594973802567], "val_loss": [0.16431736946105957, 0.12576702237129211, 0.10174667835235596, 0.09022824466228485, 0.0860673263669014]}