{"accuracy": [0.9053333401679993, 0.9590666890144348, 0.9716333150863647, 0.9779499769210815, 0.9830499887466431], "val_accuracy": [0.9517999887466431, 0.965499997138977, 0.9692000150680542, 0.9728999733924866, 0.9758999943733215], "loss": [0.33383458852767944, 0.13735879957675934, 0.09512832760810852, 0.07120198011398315, 0.0557323582470417], "val_loss": [0.16184811294078827, 0.10961921513080597, 0.10124918073415756, 0.08699539303779602, 0.0801725685596466]}